interferogram,triangles_participated,summed_triangle_failure_pixels,added_pair
20240113_20240125,1,92,False
20240113_20240206,1,92,True
20240125_20240206,1,92,False
20240206_20240218,0,0,False
20240218_20240301,0,0,False
20240301_20240313,1,20,False
20240301_20240325,1,20,True
20240313_20240325,1,20,False
20240325_20240406,0,0,False
20240406_20240418,0,0,False
20240418_20240430,0,0,False
20240430_20240512,1,1509,False
20240430_20240629,1,1509,True
20240512_20240629,1,1509,False
20240629_20240804,1,768,False
20240629_20240816,1,768,True
20240804_20240816,1,768,False
20240816_20240828,0,0,False
20240828_20240909,1,208,False
20240828_20240921,1,208,True
20240909_20240921,1,208,False
20240921_20241003,0,0,False
20241003_20241015,0,0,False
20241015_20241027,0,0,False
20241027_20241108,1,31,False
20241027_20241120,1,31,True
20241108_20241120,1,31,False
20241120_20241202,0,0,False
20241202_20241214,1,20,False
20241202_20241226,1,20,True
20241214_20241226,1,20,False
