claim_id,claim,estimate_window,numerical_evidence,source_file,source_key,supporting_figure,limitation
C01,"The uncorrected redundant field (case A) contains a large long-wavelength plane","full-year (25 epochs, 2024-01-13 to 2024-12-26)","E-W -11.719 mm/yr/km; N-S -2.881 mm/yr/km; magnitude 12.068; peak-to-peak 332.67 mm/yr; variance explained 64.39%","mintpy_redundant_era5/audit/case_statistics.csv","row A_baseline_no_ramp","mintpy_redundant_era5/audit/fig_four_case_velocity_comparison.png; mintpy_redundant_era5/audit/fig_gradient_comparison.png","Describes the fitted plane only; does not establish whether it is deformation, orbit, atmosphere or unwrapping error"
C02,"Linear-ramp removal is the dominant processing sensitivity","full-year","B-A RMS 123.151 mm/yr; median shift -101.98 mm/yr; D-C RMS 122.350 mm/yr; chain-LR vs chain 122.654 mm/yr","mintpy_redundant_era5/audit/audit_results.json; mintpy/audit/DIAGNOSTIC_AUDIT.md","comparisons.ramp_effect_baseline_mm_yr / ramp_effect_ERA5_mm_yr; Cases row D","mintpy_redundant_era5/audit/fig_four_case_velocity_comparison.png","Plane removal sets the gradient to zero by construction; the size of the change is not evidence that the gradient was an artifact"
C03,"Adding seven redundant interferograms barely changes the broad field","full-year","Chain vs redundant RMS 3.891 mm/yr on 80,787 px; E-W gradient change -0.012 mm/yr/km; detrended corr 0.9974","mintpy_redundant/audit/audit_results.json","baseline_comparison","mintpy_redundant/audit/fig_baseline_vs_redundant_velocity.png","Differences concentrate at closure-failure pixels (21.09 vs 1.74 mm/yr RMS); stability under added edges does not validate the gradient"
C04,"Closure redundancy is sparse and local; failures concentrate mid-year","n/a (interferogram-level)","2,334/81,299 px (2.871%) with nonzero ambiguity; triangle 0430-0512-0629 1.866%; 0629-0804-0816 0.955%; ambiguity up to +/-2 cycles; 7 triangles, cycle rank 7","mintpy_redundant/audit/audit_results.json","closure.mintpy_nonzero_pct; closure.triangles","mintpy_redundant/audit/closure_failures_by_triangle.png","Both original mid-year bridge edges belong to tested triangles in the expanded network; other links outside the triangles lack cycle checks; closure identifies an inconsistent triangle, not the faulty edge"
C05,"Excluding the two closure-flagged edges changes the map locally but not the gradient","full-year","RMS 3.688 mm/yr; extremes -103.62/+80.29 mm/yr; E-W -11.719 to -11.696 mm/yr/km","mintpy_redundant/audit/REDUNDANT_NETWORK_AUDIT.md; case_statistics.csv","Velocity and correction sensitivity; row F_exclude_flagged_topo","mintpy_redundant/audit/closure_failure_count.png","Diagnostic stress test only; not an unwrapping correction"
C06,"Topographic-residual correction is a small effect","full-year","Chain: 0.975 mm/yr RMS; redundant: 0.971 mm/yr RMS; DEM-error/elevation r = 0.566","mintpy/audit/DIAGNOSTIC_AUDIT.md; mintpy_redundant/audit/REDUNDANT_NETWORK_AUDIT.md","Materiality of corrections; Velocity and correction sensitivity","mintpy_redundant/audit/fig_dem_error_elevation.png","Single DEM-error model; does not address other elevation-correlated errors such as stratified troposphere"
C07,"ERA5 changes the field only slightly","full-year","C-A RMS 1.252 mm/yr; E-W gradient reduced 0.93%; spatial corr 0.999917; edge RMS 3.062 vs interior 0.846 mm/yr","mintpy_redundant_era5/audit/audit_results.json","comparisons.ERA5_minus_baseline_no_ramp_mm_yr; plane_reduction; ERA5_edge_diagnostic","mintpy_redundant_era5/audit/fig_ERA5_velocity_change.png; mintpy_redundant_era5/audit/fig_gradient_comparison.png","Small ERA5 sensitivity does not rule out atmospheric error: coarse model, single nearest-hour (13:00 UTC) realization, no turbulent/urban structure"
C08,"Reference choice shifts the velocity datum but not spatial gradients","full-year","Datum shifts 204.73/207.53 mm/yr (redundant) and 204.73/206.51 (chain); E-W gradient identical to <2e-7 mm/yr/km","mintpy_redundant/audit/reference_sensitivity.csv; mintpy/audit/DIAGNOSTIC_AUDIT.md","north_local/west_local/southwest_local; Reference-invariance demonstration","mintpy_redundant/audit/fig_reference_sensitivity.png","Reference changes neither validate nor invalidate spatial contrasts; no candidate patch has independent stability evidence"
C09,"Long-wavelength phase gradient is present in the two original mid-year chain bridge interferograms","single interferograms 2024-05-12 to 06-29 and 2024-06-29 to 08-04","0.3477 and 0.3657 rad/km E-W; plane R2 0.632 and 0.697; max adjacent jumps 9.23 and 8.23 rad","mintpy/audit/audit_results.json; mintpy_redundant/audit/closure_results.json","bridge_interferograms; triangles","mintpy/audit/fig_bridge_interferograms.png; mintpy_redundant/audit/closure_failures_by_triangle.png","Both edges are in tested expanded-network triangles; closure cannot identify a faulty edge or distinguish deformation from orbital or atmospheric error"
C10,"GNSS ICMX-MMX1 LOS differential","common window (10 epochs, 2024-04-18 to 2024-10-03, 168 d)","256.3 mm/yr; OLS 95% 242.1-270.6; block bootstrap 246.5-264.5; Theil-Sen 255.0; exact-date only (6 epochs) 254.4; raw unfiltered 262.0","external_validation/gnss_los_results.json","gnss_differential; matching.tolerance_sensitivity","external_validation/fig_gnss_los_timeseries.png","Two stations only; MMX1 covers 2024-04-16 to 2024-10-10 only; ICMX has an INEGI interference warning"
C11,"GNSS is consistent with no-ramp case A along the ICMX-MMX1 baseline","common window","InSAR 240.5 mm/yr; GNSS-InSAR +15.8; U95 19.5; |d|/U95 0.81; aligned RMSE 3.5 mm","external_validation/gnss_los_comparison.csv; gnss_los_results.json","case A_redundant_no_ramp, patch_size_px 9; decision.A_redundant_no_ramp","external_validation/fig_gnss_vs_insar_differential.png","One mostly E-W baseline (10.72 km E, 2.80 km N); InSAR under-estimates by 6%; does not validate the full plane or the N-S gradient"
C12,"ERA5 no-ramp case C is borderline against GNSS","common window","InSAR 234.3 mm/yr; GNSS-InSAR +22.0; U95 21.2; |d|/U95 1.04","external_validation/gnss_los_comparison.csv; external_validation/gnss_los_results.json","case C_ERA5_no_ramp, patch 9; decision.C_ERA5_no_ramp","external_validation/fig_gnss_vs_insar_differential.png","Borderline under a study-defined envelope of selected terms; U95 does not bound all errors and ICMX interference is unquantified; no independent preregistration"
C13,"GNSS rejects linear-ramp removal along the ICMX-MMX1 baseline","common window","B: InSAR 98.1, GNSS-InSAR +158.2, U95 16.3, 9.72x; D: 99.5, +156.9, U95 16.1, 9.76x; aligned RMSE 25.7/25.5 mm","external_validation/gnss_los_comparison.csv; gnss_los_results.json","cases B/D patch 9; decision.B_redundant_linear_ramp / D_ERA5_linear_ramp","external_validation/fig_gnss_vs_insar_differential.png","Applies to this baseline only; about 73 mm of spurious GNSS drift in 168 d would be needed to reconcile"
C14,"GNSS comparison is robust to patch size, outliers and matching","common window","Case A GNSS-InSAR 14.6/15.8/17.9 (5/9/13 px); exact-date +10.0; raw GNSS +21.5; leave-one-out 12.8-18.6; B/D stay 155-166","external_validation/gnss_los_comparison.csv","columns gnss_minus_insar_mm_yr, gmi_tol0_exact_mm_yr, gmi_raw_gnss_mm_yr, gmi_leave_one_out_*","external_validation/fig_patch_sensitivity.png","Largest systematic term is GNSS cadence (11.5 mm/yr: 244.9 daily vs 256.3 matched)"
C15,"Full-year InSAR differential is not equivalent to the GNSS window","full-year (InSAR) vs common window (GNSS)","Full-year ICMX-MMX1: A 227.7, B 94.2, C 227.3, D 94.9 mm/yr; common minus full A +12.8, B +3.9","external_validation/gnss_los_comparison.csv","insar_diff_full_period_mm_yr; insar_common_minus_full_mm_yr","external_validation/fig_patch_sensitivity.png","Must not be compared directly with the 168-day GNSS rate; shown only to label the mismatch"
C16,"Fitted plane contributes about 134 mm/yr to the ICMX-MMX1 difference","full-year","A-B plane: E -11.72, N -2.88 mm/yr/km; baseline 10.72 km E, 2.80 km N; plane difference 133.7 mm/yr","external_validation/gnss_los_results.json","ramp_plane.A_minus_B","external_validation/fig_gnss_vs_insar_differential.png; final_report/fig_station_locations.png","Only the plane's projection onto one baseline is tested"
C17,"ICMX interference remains unquantified","GNSS multi-year (2017-2025) and 2024","ICMX annual LOS -14.9 to -43.4 mm/yr; 2024 vertical about double 2023; 2024 LOS scatter 4.2 mm; MMX1 annual LOS about -200 to -303 mm/yr (2008-2026)","external_validation/gnss_los_results.json; external_validation/GNSS_LOS_VALIDATION.md","reliability.ICMX/MMX1.annual_rates; ICMX quality warning","external_validation/fig_gnss_enu_timeseries.png","Low scatter and annual histories cannot rule out smooth station bias; no numerical upper bound on interference is established"
C18,"Regional stations show no common mode comparable to the local contrast","2024 (station spans)","MXTX -24.6, MXTO -45.0, TOL2 -16.3 mm/yr LOS; residual corr 0.17-0.46; frame leakage < 0.1 mm/yr","external_validation/gnss_los_results.json","regional.per_station; regional.summary","external_validation/fig_gnss_los_timeseries.png","Outside the scene; frame/common-mode diagnostic only; not InSAR validation"
C19,"LOS sign and geometry verified from MintPy source","n/a","heading -167.738979 deg; azimuth -102.261021 deg; ICMX coefs E +0.5224 N -0.1135 U +0.8451; MMX1 E +0.5124 N -0.1114 U +0.8515","external_validation/GNSS_LOS_VALIDATION.md","Geometry and sign verification","none","Descending only; LOS mixes east and up, so InSAR rates are not vertical subsidence"
C20,"Temporal coherence near 1 is not a quality proof","full-year","Chain: exactly 1.0 everywhere; redundant median 0.99978, p05 0.98453","mintpy_redundant/audit/audit_results.json","temporal_coherence","mintpy_redundant/audit/fig_temporal_coherence_comparison.png","Reflects low network redundancy rather than data accuracy"
C21,"ICMX and MMX1 sit inside the scene on a mostly east-west 11 km baseline, sampled by 9x9-pixel patches, separate from the northern-edge InSAR reference pixel","geometry (map shown is full-year 2024-01-13 to 2024-12-26; GNSS window 2024-04-18 to 2024-10-03)","ICMX 19.4056 N, -99.1709, pixel Y/X 130/41; MMX1 19.4317 N, -99.0684, pixel Y/X 95/175; station-coordinate baseline 11.1 km (10.76 E, 2.87 N); pixel-index baseline 10.72 E, 2.80 N; reference pixel Y/X 7/186; case-A 9x9 patch medians 181.49 / -46.24 mm/yr (full-year)","external_validation/gnss_los_results.json; final_report/make_fig_station_locations.py","geometry.stations; geometry.pixel_rule; patches.A_redundant_no_ramp.*.9; ramp_plane.A_minus_B; script assertions","final_report/fig_station_locations.png","Location figure only; full-year map is not the GNSS-window rate; two points and one baseline; reference pixel stability unvalidated"
C22,"ERA5-corrected products carry a misleading configuration attribute but were ERA5-corrected","n/a (provenance)","mintpy_redundant_era5/timeseries_demErr_ERA5.h5 attr mintpy.troposphericDelay.method = 'no'; logged tropo_pyaps3.py command; ERA5.h5 25/25 dates, 0 NaN; C-A RMS 1.252 mm/yr","final_report/PROVENANCE_NOTE_ERA5_METADATA.md; mintpy_redundant_era5/PROCESSING_LOG.md; mintpy_redundant_era5/audit/audit_results.json","Commands and outcomes; delay_integrity; comparisons.ERA5_minus_baseline_no_ramp_mm_yr","mintpy_redundant_era5/audit/fig_ERA5_velocity_change.png","Attribute is a load-time template copy, not processing history; protected HDF5 not edited; undocumented 3.2 mm check is not release evidence"
C23,"Two different median statistics describe the full-record B minus A map","full-record 2024-01-13 to 2024-12-26","median(pixelwise B-A) -101.984 mm/yr; median(B)-median(A) -137.430 mm/yr","mintpy_redundant_era5/audit/audit_results.json; mintpy_redundant_era5/audit/case_statistics.csv","comparisons.ramp_effect_baseline_mm_yr.median; rows A_baseline_no_ramp and B_baseline_linear_ramp","mintpy_redundant_era5/audit/fig_four_case_velocity_comparison.png","Different operations; neither is the 168-day GNSS comparison"
